Country Name,Country Code,Year,Primary Enrollment,GDP per capita (current US$)
Tanzania,TZA,2001,4881588,406.54
Tanzania,TZA,2002,5981338,411.97
Tanzania,TZA,2003,6562772,431.28
Tanzania,TZA,2004,7083063,459.26
Tanzania,TZA,2005,7541208,492.63
Tanzania,TZA,2006,7959884,485.5
Tanzania,TZA,2007,8316925,552.84
Tanzania,TZA,2008,8626825,687.39
Tanzania,TZA,2009,8441553,695.22
Tanzania,TZA,2010,8419305,743.4
Tanzania,TZA,2011,8247172,781.43
Tanzania,TZA,2012,8294957,867.86
Tanzania,TZA,2013,8231913,970.4
Tanzania,TZA,2014,8222667,1030.08
Tanzania,TZA,2015,8298282,947.93
Tanzania,TZA,2016,8638572,966.5
Tanzania,TZA,2017,9315656,1004.91
Tanzania,TZA,2018,10111671,1042.84
Tanzania,TZA,2019,10605430,1085.88
Tanzania,TZA,2020,10925896,1076.47
